did,handle,score,is_instant,in_quorum
did:plc:yavxyrfpwdxlgi6djfkglykv,marcfranke.bsky.social,0.7250000000000001,True,False
did:plc:gehcdx563lxpxmxrnqfqzfnn,afdler.bsky.social,0.7092307692307692,True,False
did:plc:r5dbxlrk47klt3kya5iaau63,fleischesser.bsky.social,0.7088461538461539,True,False
did:plc:ijewaisck4wmja5nukgqfocf,aliwero.bsky.social,0.701923076923077,True,False
did:plc:ifmzilmwy4l6xkdkuhvepsyq,tboerner1.bsky.social,0.7015384615384616,True,False
did:plc:s4367wggqfa3vz2s2gbwfeyd,mcrj45.bsky.social,0.6788461538461539,True,False
did:plc:yf526rwwvyax4bxmoxwem7m3,sascha1995.bsky.social,0.6780769230769231,True,False
did:plc:wmmox7fbzy4gsimob45dnq66,alternative2026.bsky.social,0.6734615384615384,True,True
did:plc:xq3wppu34f5e3uxgwgeyujb3,bamehinghong.bsky.social,0.6634615384615384,True,False
did:plc:252vtfqdgzxinku4nywlic3g,malacoda2.bsky.social,0.6625,True,False
did:plc:jo7bgydj4d3l7ev37xd2olet,lastenrad.bsky.social,0.6625,True,False
did:plc:qetu7rgcy2s4wz26cbvzqygs,jaschas.bsky.social,0.6625,True,False
did:plc:kkrdmwo5nuddkb6kvtwcpesn,hansolo72.bsky.social,0.6625,True,False
did:plc:ljoyy2mfj6vj4zcdihapcqgg,liberusliber.bsky.social,0.6625,True,False
did:plc:dqm2a5lml7j6kk552bmcaxnu,berndmichelau.bsky.social,0.6625,True,False
did:plc:2flk6jqbu2z4qe25a4ra4o64,rexkramerds.bsky.social,0.6613461538461538,True,True
did:plc:fl5ahlqtmmqu3pawfcwbd6yg,oberwildschwein.bsky.social,0.6561538461538463,True,False
did:plc:bcao4addh6br6t4eagx4hlii,ichmussdippen.bsky.social,0.6557692307692308,True,False
did:plc:gmm3526wf4xugzaehx2itocw,gibtcpcrytxvr.bsky.social,0.6494230769230769,True,False
did:plc:dfn3bjq5l53ys5vyn2rbomrf,p-lent.bsky.social,0.6484615384615385,True,False
did:plc:orxsa332tovypacoeliepocs,meinklarname.bsky.social,0.6475,True,False
did:plc:hgtjxxuniekkx54el4kcelhg,tlm42.bsky.social,0.6475,True,False
did:plc:a5q7h2pg353lhx7cpsptsaol,locinac.bsky.social,0.6475,True,False
did:plc:drhltdjnkowik26tvkyinghn,si-lentseeker.bsky.social,0.6475,True,False
did:plc:nmdqcst76oaeneuyazgh6r6q,bonsaims.bsky.social,0.6475,True,False
did:plc:npz6t3vc4teie5u64uik5j7t,sambal06.bsky.social,0.6407692307692309,True,False
did:plc:ctk3r6qsmooymhbel26ojnwc,boobhunter68.bsky.social,0.6400000000000001,True,True
did:plc:z32uo23iohhq36xes4qtgtys,karstenius89.bsky.social,0.6400000000000001,True,False
did:plc:yidulrr36gi4li5ra4d3tqle,masonbecker.bsky.social,0.64,True,True
did:plc:m3x4u2ehrxuffokcfevpi5co,winfried-fiedler.bsky.social,0.6330769230769232,True,False
did:plc:xtyzkjkuqazmqmymzfahr35g,pauschal73.bsky.social,0.6326923076923077,True,False
did:plc:lddsxetk7kztfetke4ch6pf4,ozzykilmister.bsky.social,0.6325,True,False
did:plc:2bw5smwar3q6blgbxgejacmk,schwaeriwari.bsky.social,0.6325,True,False
did:plc:gwrujj2fi53lul6elrrn4byj,offspringer-de.bsky.social,0.6325,True,False
did:plc:4ggodfkyfgcc7mqekd25wvwt,quelix.bsky.social,0.6325,True,True
did:plc:oz6xdhjfltjyyxc77q3ww3p6,bamdra.bsky.social,0.6325,True,False
did:plc:7n4vbnru4jvxyk5qlojrwox6,nurumzunerven.bsky.social,0.6288461538461538,True,False
did:plc:ntypaa6tz7jtc5pmgsndnwvm,bayonn.bsky.social,0.6257692307692309,True,False
did:plc:htnm7fmvxv33tferrjvpo2ms,waifuenjoyer88.bsky.social,0.6250000000000001,True,False
did:plc:oxhbm7cxrtadzvbvx5rz3uhr,sphinx1963.bsky.social,0.6250000000000001,True,False
did:plc:of7nayihd6rtbiroyubbqij3,interceptor59.bsky.social,0.6250000000000001,True,False
did:plc:s5da24srpe3d6uspp2l5v27d,dawter23.bsky.social,0.6250000000000001,True,False
did:plc:x2vtbsew6xuaui4akmwbk644,cugmag.bsky.social,0.6250000000000001,True,False
did:plc:llpnq25ohqovxt7ygidgdixo,gapano.bsky.social,0.6250000000000001,True,False
did:plc:mimwt6yyc2hp2clamv4ncl76,trust2k.bsky.social,0.6250000000000001,True,False
did:plc:d7iyauijjx6jf3c6ykwmz7cn,dinoalf.bsky.social,0.6250000000000001,True,False
did:plc:eoivutcyzpeodtqxt4gnmg7i,frido68.bsky.social,0.6250000000000001,True,False
did:plc:aibq654qtkzqslo7xguv76ix,behrendt-p.bsky.social,0.6250000000000001,True,False
did:plc:e4vxlsjkjr4jinfjnmrjl233,harrybahlsistreal.bsky.social,0.6250000000000001,True,False
did:plc:vqmfti3lnmjnun3ggslkjdgf,jeanputz.bsky.social,0.6250000000000001,True,False
did:plc:hpjdyuiqgnjv6bxbkv564by6,klugscheisser01.bsky.social,0.6250000000000001,True,False
did:plc:amhi666qaj27ulae2rk2nyk6,tobiredetmit.bsky.social,0.6250000000000001,True,False
did:plc:sxjkzedlen7k3az5s3xv5oes,rsejustin.bsky.social,0.6250000000000001,True,False
did:plc:5gzpjsfqstbxl3oy53aqn4g4,moonlight2026.bsky.social,0.6250000000000001,True,False
did:plc:roqngayfp5jj5xrlw6poitly,absolutegal.bsky.social,0.6250000000000001,True,False
did:plc:pjru7jbooqrj3ghmyxkmde7k,minatonamikaze1.bsky.social,0.6250000000000001,True,False
did:plc:a5cjq2zpe2ggyi6vafnfmwok,kimstar-saxonia.bsky.social,0.6250000000000001,True,False
did:plc:ghw3w5cihttx7ixnoaqqc2ha,mittenausdemwald.bsky.social,0.6250000000000001,True,False
did:plc:vcqtu4yqmifk4kjvjc3ppsss,freedomofspeech3.bsky.social,0.6250000000000001,True,False
did:plc:3rbx6ltgz2z4jr6hwjd7yj4s,inkassobenni.bsky.social,0.6250000000000001,True,False
did:plc:bsq3chkoesa3dwppwpwikidp,n155er.bsky.social,0.6180769230769232,True,False
did:plc:vsv6mijxkzcdseij2i5iw4rq,tobi-dieckmann.bsky.social,0.6180769230769232,True,False
did:plc:hyvjieshqxpfgeqxf6z4c2ep,stefan2000-00.bsky.social,0.6175,False,False
did:plc:4xk2ocvz5wcy5va3tf3b4zwi,maffi2008.bsky.social,0.6175,False,False
did:plc:73dd4sdstwu3u3ljyiq2bx6f,yggor12.bsky.social,0.6100000000000001,True,False
did:plc:4htazkrtcnobhmcgohpvqwcr,f-kern.bsky.social,0.6100000000000001,True,False
did:plc:fd77zpe2vep4xawhtplj5ema,daniela-moesges78.bsky.social,0.6100000000000001,True,False
did:plc:hlf6bqsof4j6jx2w2xjo25iw,cuxmarc.bsky.social,0.6100000000000001,True,False
did:plc:mshcn4njbktn4m7diw44fqm4,gewaltenteilchen.bsky.social,0.6100000000000001,True,False
did:plc:4do3cbtfwwtcl2abr63rbaa2,cptain-future.bsky.social,0.6100000000000001,True,False
did:plc:52vwz5vil27kda4zmafn4vr2,piieet.bsky.social,0.6100000000000001,True,False
did:plc:awy5xx4v4dku6bh2bamn2fnk,alexthegreatx.bsky.social,0.6100000000000001,True,False
did:plc:6eehf7umhmzzrmu4dslvcf6y,j0-1b.bsky.social,0.6100000000000001,True,False
did:plc:5xgs4wk26lc5rg7ihfkwq5wv,coreleonidas.bsky.social,0.6100000000000001,True,False
did:plc:zcpykikcyvqznxr2kovd33hl,snoauz.bsky.social,0.6100000000000001,True,False
did:plc:nqshzqswclkblciygf7yw3xi,michaelcoyle69.bsky.social,0.6100000000000001,True,False
did:plc:qulk7n7og5orooihsn4foitn,(deleted),0.6025,False,False
did:plc:b6a3neadngpxok6jj5rvro23,one-dollar.bsky.social,0.6025,False,False
did:plc:gfp766cruqhkfoiv4czvbn4o,korporatismus.bsky.social,0.6025,False,False
did:plc:ij66vlxf7riy334edhwmsevs,sonja57.bsky.social,0.6025,False,False
did:plc:rv4tx5pl6zpme4povklsuvif,rohal-kajsky.bsky.social,0.6025,False,False
did:plc:cs6dd5b645i2mxo4vxkbyo6n,zusammenstolz.bsky.social,0.6025,False,False
did:plc:wq3hrxjq5boownwc4dw2bw4c,bergschuasta49.bsky.social,0.6025,False,False
did:plc:y4aanqyf4k77mxb7crbvpdes,afd-fan45.bsky.social,0.6025,False,False
did:plc:v6ebaljdm4tyru7nhyhm6vpa,peachberlin63.bsky.social,0.6025,False,False
did:plc:lqhbcjkioj6lrvrivn2fejav,mlilke.bsky.social,0.6025,False,False
did:plc:5aicxsxgvwutga7usphpqteu,deutscher-patriot.bsky.social,0.6025,False,False
did:plc:s37et2kzcxbb6xrrgl5ql2gr,wolff82.bsky.social,0.6015384615384616,True,False
did:plc:trzgss6uktuou3fi3kxi6ygs,sntsth84.bsky.social,0.5992307692307692,True,False
did:plc:xhdrj6ofapjklg56yxxytt2x,tobiasheinz1684.bsky.social,0.5950000000000001,True,False
did:plc:rblwlweun772c252dnrxilf2,ralph-bergmann.bsky.social,0.5950000000000001,True,False
did:plc:vux3hyhsxkd6tnsl7qhno5y4,mike-weigand.bsky.social,0.5950000000000001,True,False
did:plc:fz2cmxukzep3nruyxn3wce7v,noxalphabln.bsky.social,0.5950000000000001,True,False
did:plc:2etbvmhmsh2blb23vnrabgth,churchi87.bsky.social,0.5950000000000001,True,False
did:plc:dkrqdpmlfwsgsxa4ruyzfllv,nippes78.bsky.social,0.5950000000000001,True,False
did:plc:buqh7tkcpqkdijpvyr3swgib,bitwombi.bsky.social,0.5950000000000001,True,False
did:plc:rzwatj7jic7mpklb64llnuqi,waldme1ster05.bsky.social,0.5950000000000001,True,False
did:plc:3bglrp2ctbgjdh2urtpiusux,thevengefulone666.bsky.social,0.5950000000000001,True,False
did:plc:ndqrxz2ltr3cyk3mk67psboc,micoberm.bsky.social,0.5950000000000001,True,False
did:plc:ofdrtf5pkx27udfmts76cfm7,rthtb.bsky.social,0.5950000000000001,True,False
did:plc:4n5okhsfdnv6llswyzkrt5kv,missesmoon.bsky.social,0.5950000000000001,True,True
did:plc:uqrxehukzh4ili7ssfwpjvjr,nelee-lalilu.bsky.social,0.5950000000000001,True,False
did:plc:bm4cgy7byuj6lfvbnorbcnu2,sausiwurst.bsky.social,0.5950000000000001,True,False
did:plc:5ld26f3rpngdfjmbv7swkzgo,wuslon42.bsky.social,0.5875,False,False
did:plc:g5cntqerfxowettf4w2lylvc,1784.bsky.social,0.5875,False,False
did:plc:w7gbcl67yanqlprszglnny7f,hirnblaehung.bsky.social,0.5875,False,False
did:plc:qyielahtwzkl5fdt2h22lae6,halal-horst.bsky.social,0.5875,False,True
did:plc:73oq235zpxl4htdwnl7s2cow,patrowitzka.bsky.social,0.5875,False,False
did:plc:itfkuem2bp64gudcuuiyse6c,phoenix7800.bsky.social,0.5875,False,True
did:plc:3vcbkt2oskjqel2cbkcutd4z,ger-mansfortrump.bsky.social,0.5875,False,False
did:plc:wbqgwshrwwaq6zlu4aljffts,pitfix.bsky.social,0.5875,False,True
did:plc:slefoh55nbebrakn6bwmhxqf,jazzkazz.bsky.social,0.5800000000000001,False,True
did:plc:bgllrm3c4lkl4bhn5ncatqs5,tr1ckym1cky.bsky.social,0.5800000000000001,False,False
did:plc:77pdb7fiwrdlfsw54lb2udbe,benz-2026.bsky.social,0.5800000000000001,False,False
did:plc:vawjjwchvmiqruypa6k76mjv,klar-namen.bsky.social,0.5800000000000001,False,True
did:plc:2drrfeywemulrh5aapehkerg,mrbluesky90.bsky.social,0.5800000000000001,False,False
did:plc:rkn4hmf4gtj6zq3wvid6lqxz,makeblueskymaga.bsky.social,0.5725,False,False
did:plc:lhfhunzmbu7kle5c6sk3ttqt,afd70.bsky.social,0.5725,False,True
did:plc:6zoahc2kzzglkk25557xfurw,warriorbear75.bsky.social,0.5725,False,False
did:plc:ipx2rh2yjg2sjjwqby3yzjcd,antifahater18.bsky.social,0.5725,False,False
did:plc:s37orzkvdwreqq3upuko5vqw,mikassa2020.bsky.social,0.5725,False,False
did:plc:rabnnnaqowpqplgquutrlohs,erwin-rommel.bsky.social,0.5725,False,False
did:plc:yjskg26qhql42nevl24rcuko,deydrihm.bsky.social,0.5725,False,False
did:plc:rrjznpkghkglp4jgzlmhnu4k,mustermann1990.bsky.social,0.5725,False,False
did:plc:zebk5yggofstnps7xesv3kay,plotzenhotz70.bsky.social,0.5725,False,False
did:plc:bahceooq6jks2amqhhb6boaj,blaupause84.bsky.social,0.5725,False,False
did:plc:wvnra2eddxfvylkh7ubfqx35,tsheffield.bsky.social,0.5725,False,False
did:plc:f6xisg35rrjfk5wqyke4wkai,zipfelklatscher.bsky.social,0.565,False,False
did:plc:gl67ixfoposw4ocqeeoyemhf,ice4germany.bsky.social,0.565,False,False
did:plc:rnglwehampub3e4utrnir5ky,rm-ga.bsky.social,0.565,False,False
did:plc:yp6fzrzm5fap36rbzopb4tef,anders-73.bsky.social,0.565,False,False
did:plc:jnpjbt6j72xhjtluhe3x5ddj,(deleted),0.565,False,False
did:plc:rsurfdhqauyo4d7i76flh7ic,matthiaskant.bsky.social,0.565,False,False
did:plc:dq7fenfzsj42maufbccul5mo,tini27.bsky.social,0.565,False,True
did:plc:zglwskyjn64qjo5wddireyul,nischo06.bsky.social,0.565,False,False
did:plc:7u6yzhskqadfyuczkpkmuudw,uwe30.bsky.social,0.565,False,False
did:plc:rbulj6aukhepp4yybgerlt4l,pierogifresse.bsky.social,0.565,False,False
did:plc:xrouqtixr5ntw6xofxwqel5j,benjaminkaiser.bsky.social,0.565,False,False
did:plc:a6gxbvzyjkhmcamg2ys4gnfm,alterpolitologe.bsky.social,0.565,False,False
did:plc:ktifo7garscobvbu46immd2e,sanvanden.bsky.social,0.565,False,False
did:plc:7d2qunmp3h4ootnhxzywix4u,lebo75.bsky.social,0.565,False,False
did:plc:tyvlhja5pfhokjdu7g3yvovr,klardenker.bsky.social,0.565,False,False
did:plc:v6565eg2mp5dv35juv6haomx,(deleted),0.565,False,False
did:plc:ei6njdjkxl5gbo2noc2qzqwo,michl81.bsky.social,0.565,False,False
did:plc:fogutqnqbhy2mwwsyvk5opdd,reinfurt.bsky.social,0.565,False,True
did:plc:kxrokvq3bxypi22y5h7tgbur,rechtsvorlinks77.bsky.social,0.565,False,False
did:plc:bsneu4uyduvhyzh76x2i3dgs,naddl70.bsky.social,0.565,False,False
did:plc:xvkebne4t76wj6i2omd54z45,chaessli.bsky.social,0.55,False,True
did:plc:uzcwicaovmq6oa34kgg57yx6,npub12hhpljjshyz34.bsky.social,0.55,False,True
did:plc:4fdaj3ytvtpxwya2trda2xl4,thecoldjack.bsky.social,0.55,False,True
did:plc:xdult52k6nlbcxjp2w5aru2k,afd-kyf.bsky.social,0.55,False,False
did:plc:p27o2er6stmpkqmu6e7qflus,sis-sel.bsky.social,0.55,False,False
did:plc:2oxcprdtougqr3yz6ydg4eom,jo0526.bsky.social,0.55,False,False
did:plc:75gvqxuqukz2igwell2us43f,lowrider64.bsky.social,0.55,False,True
did:plc:m3cz7dcxaotk7crxydnwi54z,futureisblue93.bsky.social,0.55,False,False
did:plc:5ncv64dqmdxsvfeuxoluisro,d-eki.bsky.social,0.55,False,False
did:plc:afmrvt43droyawt4hcsi6brk,diefroschkoenigin.bsky.social,0.55,False,False
did:plc:eoghyjrw7wddsyr7c3qlkfxn,sozialpatriot1990.bsky.social,0.55,False,False
did:plc:rar4eqnexhjzcgrxsndipkq4,inga00.bsky.social,0.55,False,False
did:plc:giqubjjvj2rjgdsaugwzpxrd,ralphreicht.bsky.social,0.5488461538461539,True,False
did:plc:qeey5krfdn673fffnu24gp4u,chrissi996.bsky.social,0.5457692307692308,True,False
did:plc:turfmrmj72hwfhqjchcjopgs,kl-arname.bsky.social,0.5425,False,False
did:plc:urkb4cw74xteqwxthvsk2ybg,hoeckebestermann.bsky.social,0.5425,False,False
did:plc:hboiok55wjbk22cyjlkyhr6w,dermag.bsky.social,0.5415384615384615,True,False
did:plc:rtpucllg4eoyl3qcpm4xx4vo,backs007.bsky.social,0.535,False,False
did:plc:7vl5i6c3negaevrfhoctwdhj,gymflix.bsky.social,0.535,False,True
did:plc:mjigefie53sdasjdsgkvypnk,marvi1304.bsky.social,0.535,False,False
did:plc:23aurf2dl4oysyyssnpp7gmz,aliciamaureen.bsky.social,0.535,False,True
did:plc:33d5533wlpd3mkflcxdslhpz,howink.bsky.social,0.535,False,True
did:plc:5zfmjqan62vxgopsg2sg7iuv,zina2004.bsky.social,0.535,False,False
did:plc:mcgf53tykobswgpf67dtzlfz,liberal-l.bsky.social,0.535,False,True
did:plc:vdjbr2lnfyuvvhu2xogeey7q,kuestendeern1.bsky.social,0.535,False,False
did:plc:lf3zu7br6zu4pf5vjcvuq37i,anker23566-01.bsky.social,0.535,False,False
did:plc:sthlwmznxzxgndz6dxxoljkl,don-promillo8.bsky.social,0.535,False,True
did:plc:yh7xg6mncxlndiujm45zzzc7,hagenvontronege.bsky.social,0.535,False,True
did:plc:fxgiookqz3z4mw6fi3sunobs,henryhero11.bsky.social,0.535,False,False
did:plc:4qn7fx7syo3dgeivnu7xj3km,tunguskaevent1.bsky.social,0.535,False,False
did:plc:q2362giiox5pmft4pvuz2334,s04liberty.bsky.social,0.5342307692307693,True,False
did:plc:dt6s6hb6bgpkmj5lqqvxl6ur,amygdala712.bsky.social,0.5275,False,False
did:plc:3albbn5zf4zotwqw6dmyavnw,chrisaushessen.bsky.social,0.5263461538461538,True,False
did:plc:vpowsjebgwgpzfco45cfvagd,ixora24.bsky.social,0.5175,False,False
did:plc:kxwgvij3zwrsnwfh7a623vky,thraken.bsky.social,0.5128846153846154,False,False
did:plc:opkvnq5ygmhm3hvwcbsqr4pw,gamp79.bsky.social,0.5125,False,True
did:plc:f3kucksw4n3yecokds3ogtem,hj-crc.bsky.social,0.5125,False,True
did:plc:uh34mas6g7ltzolpzvfoekil,privatsekretariat.bsky.social,0.5125,False,True
did:plc:4stomiystulig2in5kemy76u,weltschmerzkind.bsky.social,0.5125,False,False
did:plc:uvgfs57fqxf3gqlbdbdy3xrb,heon1474.bsky.social,0.505,False,False
did:plc:znpjtp47blcf7kbgzlyvnzfc,adekas.bsky.social,0.505,False,False
did:plc:6ogri2t7aod77gadq7u2q3hg,sina1977.bsky.social,0.505,False,False
did:plc:57z77cfmagnmsonauuqiapb6,zielereicher.bsky.social,0.505,False,False
did:plc:2vqe6lu3gauxhlfbs6ltnu3n,fickfackdebecker.bsky.social,0.505,False,False
did:plc:6crxaws4jv5hq3qt6e6tn4ev,haunebu.bsky.social,0.505,False,False
did:plc:kxrdbii7ogqck7itismghora,(deleted),0.505,False,False
did:plc:5idkam2ynaumgofyaypenop3,stefanhartl.bsky.social,0.5034615384615384,False,False
did:plc:nw6ypj5ne2h76t6saqzwreih,tlippert.bsky.social,0.5025,False,False
